"TargetModule","Coverage"
"code_0","1.0"
"code_1","1.0"
"code_2","1.0"
"code_3","1.0"
"code_4","1.0"
"code_5","1.0"
"code_6","1.0"
"code_7","1.0"
"code_8","1.0"
"code_9","1.0"
"code_10","1.0"
"code_11","1.0"
"code_12","0.8888888888888888"
"code_13","1.0"
"code_14","1.0"
"code_15","1.0"
"code_16","1.0"
"code_17","1.0"
"code_18","1.0"
"code_19","1.0"
"code_20","1.0"
"code_21","1.0"
"code_22","1.0"
"code_23","1.0"
"code_24","1.0"
"code_25","1.0"
"code_26","1.0"
"code_27","1.0"
"code_28","1.0"
"code_29","1.0"
"code_30","1.0"
"code_31","1.0"
"code_32","0.9285714285714286"
"code_33","1.0"
"code_34","1.0"
"code_35","1.0"
"code_36","1.0"
"code_37","1.0"
"code_38","1.0"
"code_39","1.0"
"code_40","1.0"
"code_41","1.0"
"code_42","1.0"
"code_43","1.0"
"code_44","1.0"
"code_45","1.0"
"code_46","1.0"
"code_47","1.0"
"code_48","1.0"
"code_49","1.0"
"code_50","1.0"
"code_51","1.0"
"code_52","1.0"
"code_53","1.0"
"code_54","1.0"
"code_55","1.0"
"code_56","1.0"
"code_57","1.0"
"code_58","1.0"
"code_59","0.9230769230769231"
"code_60","1.0"
"code_61","1.0"
"code_62","1.0"
"code_63","1.0"
"code_64","1.0"
"code_65","1.0"
"code_66","1.0"
"code_67","1.0"
"code_68","1.0"
"code_69","1.0"
"code_70","1.0"
"code_71","1.0"
"code_72","1.0"
"code_73","1.0"
"code_74","1.0"
"code_75","0.05263157894736842"
"code_76","1.0"
"code_77","1.0"
"code_78","1.0"
"code_79","1.0"
"code_80","1.0"
"code_81","1.0"
"code_82","1.0"
"code_83","1.0"
"code_84","1.0"
"code_85","1.0"
"code_86","1.0"
"code_87","1.0"
"code_88","1.0"
"code_89","1.0"
"code_90","1.0"
"code_91","1.0"
"code_92","0.9230769230769231"
"code_93","1.0"
"code_94","1.0"
"code_95","1.0"
"code_96","1.0"
"code_97","1.0"
"code_98","1.0"
"code_99","0.9230769230769231"
"code_100","1.0"
"code_101","1.0"
"code_102","1.0"
"code_103","1.0"
"code_104","1.0"
"code_105","1.0"
"code_106","1.0"
"code_107","1.0"
"code_108","1.0"
"code_109","1.0"
"code_110","1.0"
"code_111","1.0"
"code_112","1.0"
"code_113","1.0"
"code_114","1.0"
"code_115","1.0"
"code_116","1.0"
"code_117","1.0"
"code_118","1.0"
"code_119","1.0"
"code_120","1.0"
"code_121","1.0"
"code_122","1.0"
"code_123","1.0"
"code_124","0.043478260869565216"
"code_125","1.0"
"code_126","1.0"
"code_127","0.9333333333333333"
"code_128","1.0"
"code_129","1.0"
"code_130","1.0"
"code_131","1.0"
"code_132","1.0"
"code_133","1.0"
"code_134","1.0"
"code_135","1.0"
"code_136","1.0"
"code_137","1.0"
"code_138","1.0"
"code_140","1.0"
"code_141","1.0"
"code_142","0.8888888888888888"
"code_143","0.9230769230769231"
"code_144","0.3333333333333333"
"code_145","1.0"
"code_146","1.0"
"code_147","1.0"
"code_148","0.6666666666666666"
"code_149","1.0"
"code_150","1.0"
"code_151","1.0"
"code_152","1.0"
"code_153","1.0"
"code_154","1.0"
"code_155","1.0"
"code_156","1.0"
"code_157","1.0"
"code_158","1.0"
"code_159","1.0"
"code_160","1.0"
"code_161","1.0"
"code_162","1.0"
"code_163","1.0"
"code_139","1.0"
"code_46","1.0"
